<?xml version="1.0" encoding="utf-8" standalone="no" ?>
<GUI onOpen="onOpen" onClose="onClose" onCreate="onCreate">
	<GuiElement type="empty" profile="newLayer"/>
	<GuiElement type="bitmap" profile="dialogFullscreenBg"/>
	
	<GuiElement type="bitmap" profile="siloDialogBg" id="dialogElement" size="1600px 900px">

		<!-- header -->
		<GuiElement type="bitmap" profile="dialogHeaderDocked">
			<GuiElement type="text" profile="dialogHeaderText" textAutoSize="true" id="guiTitle"/>
		</GuiElement>

		<!-- SpeedControl -->
		<GuiElement type="boxLayout" hasFrame="true" alignmentX="left" flowMargin="50px 10px 10px 10px" alignmentY="top" flowDirection="vertical" numFlows="1" fitFlowToElements="true" position="10px -100px" size="1420px 880px">
			<GuiElement type="checkedOption" profile="multiTextOptionSilo" hasFrame="true" margin="10px 50px 10px 50px" onClick="logicalCheck" id="speedControlOnOffSetting">
				<GuiElement type="button" profile="multiTextOptionLeft"/>
				<GuiElement type="button" profile="multiTextOptionRight"/>
				<GuiElement type="text" textSize="20px" profile="multiTextOptionBgSilo"/>
				<GuiElement type="bitmap" profile="multiTextOptionBgSilo"/>
				<GuiElement type="text" profile="multiTextOptionTitle" id="speedControlOnOffTitle"/>
			</GuiElement>	
			<GuiElement type="checkedOption" profile="multiTextOptionSilo" hasFrame="true" margin="10px 50px 10px 50px" onClick="logicalCheck" id="speedControlUseSCModSetting">
				<GuiElement type="button" profile="multiTextOptionLeft"/>
				<GuiElement type="button" profile="multiTextOptionRight"/>
				<GuiElement type="text" textSize="20px" profile="multiTextOptionBgSilo"/>
				<GuiElement type="bitmap" profile="multiTextOptionBgSilo"/>
				<GuiElement type="text" profile="multiTextOptionTitle" id="speedControlUseSCModTitle"/>
			</GuiElement>	
			<GuiElement type="checkedOption" profile="multiTextOptionSilo" hasFrame="true" margin="10px 50px 10px 50px" id="speedControlTurnSpeedSetting1">
				<GuiElement type="button" profile="multiTextOptionLeft"/>
				<GuiElement type="button" profile="multiTextOptionRight"/>
				<GuiElement type="text" textSize="20px" profile="multiTextOptionBgSilo"/>
				<GuiElement type="bitmap" profile="multiTextOptionBgSilo"/>
				<GuiElement type="text" profile="multiTextOptionTitle" id="speedControlTurnSpeedTitle1"/>
			</GuiElement>	
			<GuiElement type="checkedOption" profile="multiTextOptionSilo" hasFrame="true" margin="10px 50px 10px 50px" id="speedControlTurnSpeedSetting2">
				<GuiElement type="button" profile="multiTextOptionLeft"/>
				<GuiElement type="button" profile="multiTextOptionRight"/>
				<GuiElement type="text" textSize="20px" profile="multiTextOptionBgSilo"/>
				<GuiElement type="bitmap" profile="multiTextOptionBgSilo"/>
				<GuiElement type="text" profile="multiTextOptionTitle" id="speedControlTurnSpeedTitle2"/>
			</GuiElement>	
		</GuiElement>
		
		<!-- AlertMode -->
		<GuiElement type="boxLayout" hasFrame="true" alignmentX="left" flowMargin="50px 10px 10px 10px" alignmentY="bottom" flowDirection="vertical" numFlows="1" fitFlowToElements="true" position="10px 50px" size="1420px 880px">
			<GuiElement type="checkedOption" profile="multiTextOptionSilo" hasFrame="true" margin="10px 50px 10px 50px" id="alarmSetting">
				<GuiElement type="button" profile="multiTextOptionLeft"/>
				<GuiElement type="button" profile="multiTextOptionRight"/>
				<GuiElement type="text" textSize="20px" profile="multiTextOptionBgSilo"/>
				<GuiElement type="bitmap" profile="multiTextOptionBgSilo"/>
				<GuiElement type="text" profile="multiTextOptionTitle" id="alarmTitle"/>
			</GuiElement>
		</GuiElement>

		<!-- ImplementControl -->
		<GuiElement type="boxLayout" hasFrame="true" alignmentX="center" flowMargin="10px 10px 10px 10px" alignmentY="top" flowDirection="vertical" numFlows="1" fitFlowToElements="true" position="70px -100px" size="1420px 880px">
			<GuiElement type="checkedOption" profile="multiTextOptionSilo" hasFrame="true" margin="10px 50px 10px 50px" onClick="logicalCheck" id="raiseSetting">
				<GuiElement type="button" profile="multiTextOptionLeft"/>
				<GuiElement type="button" profile="multiTextOptionRight"/>
				<GuiElement type="text" textSize="20px" profile="multiTextOptionBgSilo"/>
				<GuiElement type="bitmap" profile="multiTextOptionBgSilo"/>
				<GuiElement type="text" profile="multiTextOptionTitle" id="raiseTitle"/>
			</GuiElement>	
			<GuiElement type="checkedOption" profile="multiTextOptionSilo" hasFrame="true" margin="10px 50px 10px 50px" id="turnPlowSetting">
				<GuiElement type="button" profile="multiTextOptionLeft"/>
				<GuiElement type="button" profile="multiTextOptionRight"/>
				<GuiElement type="text" textSize="20px" profile="multiTextOptionBgSilo"/>
				<GuiElement type="bitmap" profile="multiTextOptionBgSilo"/>
				<GuiElement type="text" profile="multiTextOptionTitle" id="turnPlowTitle"/>
			</GuiElement>				
			<GuiElement type="checkedOption" profile="multiTextOptionSilo" hasFrame="true" margin="10px 50px 10px 50px" id="stopPtoSetting">
				<GuiElement type="button" profile="multiTextOptionLeft"/>
				<GuiElement type="button" profile="multiTextOptionRight"/>
				<GuiElement type="text" textSize="20px" profile="multiTextOptionBgSilo"/>
				<GuiElement type="bitmap" profile="multiTextOptionBgSilo"/>
				<GuiElement type="text" profile="multiTextOptionTitle" id="stopPtoTitle"/>
			</GuiElement>	
			<GuiElement type="checkedOption" profile="multiTextOptionSilo" hasFrame="true" margin="10px 50px 10px 50px" id="ridgeMarkerSetting">
				<GuiElement type="button" profile="multiTextOptionLeft"/>
				<GuiElement type="button" profile="multiTextOptionRight"/>
				<GuiElement type="text" textSize="20px" profile="multiTextOptionBgSilo"/>
				<GuiElement type="bitmap" profile="multiTextOptionBgSilo"/>
				<GuiElement type="text" profile="multiTextOptionTitle" id="ridgeMarkerTitle"/>
			</GuiElement>
			<GuiElement type="checkedOption" profile="multiTextOptionSilo" hasFrame="true" margin="10px 50px 10px 50px" id="crabSteeringSetting">
				<GuiElement type="button" profile="multiTextOptionLeft"/>
				<GuiElement type="button" profile="multiTextOptionRight"/>
				<GuiElement type="text" textSize="20px" profile="multiTextOptionBgSilo"/>
				<GuiElement type="bitmap" profile="multiTextOptionBgSilo"/>
				<GuiElement type="text" profile="multiTextOptionTitle" id="crabSteeringTitle"/>
			</GuiElement>
		</GuiElement>
		
		<!-- GPS control -->
		<GuiElement type="boxLayout" hasFrame="true" alignmentX="right" flowMargin="10px 10px 10px 10px" alignmentY="top" flowDirection="vertical" numFlows="1" fitFlowToElements="true" position="70px -100px" size="1420px 880px">
			<GuiElement type="checkedOption" profile="multiTextOptionSilo" hasFrame="true" margin="10px 50px 10px 50px" onClick="logicalCheck" id="gpsOnOffSetting">
				<GuiElement type="button" profile="multiTextOptionLeft"/>
				<GuiElement type="button" profile="multiTextOptionRight"/>
				<GuiElement type="text" textSize="20px" profile="multiTextOptionBgSilo"/>
				<GuiElement type="bitmap" profile="multiTextOptionBgSilo"/>
				<GuiElement type="text" profile="multiTextOptionTitle" id="gpsOnOffTitle"/>
			</GuiElement>	
			<GuiElement type="checkedOption" profile="multiTextOptionSilo" hasFrame="true" margin="10px 50px 10px 50px" onClick="logicalCheck" id="gpsSetting">
				<GuiElement type="button" profile="multiTextOptionLeft"/>
				<GuiElement type="button" profile="multiTextOptionRight"/>
				<GuiElement type="text" textSize="20px" profile="multiTextOptionBgSilo"/>
				<GuiElement type="bitmap" profile="multiTextOptionBgSilo"/>
				<GuiElement type="text" profile="multiTextOptionTitle" id="gpsSettingTitle"/>
			</GuiElement>
			<GuiElement type="checkedOption" profile="multiTextOptionSilo" hasFrame="true" margin="10px 50px 10px 50px" onClick="logicalCheck" id="gpsAutoTriggerSetting">
				<GuiElement type="button" profile="multiTextOptionLeft"/>
				<GuiElement type="button" profile="multiTextOptionRight"/>
				<GuiElement type="text" textSize="20px" profile="multiTextOptionBgSilo"/>
				<GuiElement type="bitmap" profile="multiTextOptionBgSilo"/>
				<GuiElement type="text" profile="multiTextOptionTitle" id="gpsAutoTriggerTitle"/>
			</GuiElement>				
		</GuiElement>
		
		<!-- Diff control -->
		<GuiElement type="boxLayout" hasFrame="true" alignmentX="right" flowMargin="10px 10px 10px 10px" alignmentY="bottom" flowDirection="vertical" numFlows="1" fitFlowToElements="true" position="70px 50px" size="1420px 880px">
			<GuiElement type="checkedOption" profile="multiTextOptionSilo" hasFrame="true" margin="10px 50px 10px 50px" id="diffControlOnOffSetting">
				<GuiElement type="button" profile="multiTextOptionLeft"/>
				<GuiElement type="button" profile="multiTextOptionRight"/>
				<GuiElement type="text" textSize="20px" profile="multiTextOptionBgSilo"/>
				<GuiElement type="bitmap" profile="multiTextOptionBgSilo"/>
				<GuiElement type="text" profile="multiTextOptionTitle" id="diffControlOnOffTitle"/>
			</GuiElement>
		</GuiElement>
	
		<!-- footer -->
		<GuiElement type="flowLayout" profile="buttonBoxDialog" id="buttonsPC">
			<GuiElement type="button" profile="buttonOK" id="yesButton" text="$l10n_button_ok" onClick="onClickOk"/>
			<GuiElement type="button" profile="buttonBack" id="noButton" text="$l10n_button_back" onClick="onClickBack"/>
		</GuiElement>
	</GuiElement>
</GUI>
